FLV,J
0.002209338,0.558515929
0.002770913,0.528834988
0.003346494,0.49169933
0.004144636,0.453029476
0.005133134,0.4136193
0.006357389,0.374216161
0.007677963,0.335499357
0.00904241,0.306313422
0.010784175,0.272133864
0.012861441,0.239577838
0.015533053,0.212844878
0.01875962,0.180682867
0.02237313,0.15762621
0.02668268,0.132595753
0.031424446,0.114627433
0.0360892,0.100914259
0.047598754,0.076802518
0.053306011,0.06700187
